{
  "te_s": 0.011415,
  "tr_s": null,
  "scan_time_s": 0.02151
}
